{"best_model": {"path": "result/aitect_model_improved_training_best.pth", "optimal_threshold": 0.5099999999999998, "expected_f1": 0.44878048780487806, "expected_precision": 0.5476190476190477, "expected_recall": 0.38016528925619836}, "final_model": {"path": "result/aitect_model_improved_training.pth", "optimal_threshold": 0.46999999999999986, "expected_f1": 0.4310344827586207, "expected_precision": 0.45871559633027525, "expected_recall": 0.4065040650406504}}