{"train_loss": [35.607815742492676, 31.225796959616922, 30.086425065994263, 28.865984093059193, 28.259050889448687, 27.542567903345283, 27.306197426535867, 27.241099444302645, 25.78341315009377, 26.353394161571156, 25.404626217755403, 25.50675181909041, 25.11695588718761, 25.181030576879326, 24.868967229669746, 25.034164255315606, 24.587169127030805, 24.059902667999268, 23.786989905617453, 23.973015503449872, 23.33160825209184, 23.233891812237825, 23.339564886960115, 22.919810858639803, 22.701273267919365, 22.73947886987166, 22.48128786954013, 22.25281641700051, 22.192908893931996, 22.015995914285835, 22.100108710202303, 22.471658750013873, 21.668375838886607, 22.062507304278288, 21.25543143532493, 21.500068772922862, 21.096484834497627, 21.019628958268598, 20.85759815302762, 20.75362467765808, 20.572780630805276, 20.631075208837334, 20.56415681405501, 20.42291936007413, 20.443794120441783, 19.988421548496593, 19.926542802290484, 19.905706492337313, 20.041211821816184, 19.87221598625183, 19.981973257931795, 19.47418178211559, 19.891142650084063, 19.23948415842923, 19.70553265918385, 19.319254073229704, 19.33528074351224, 19.07427471334284, 18.98450231552124, 18.96833575855602, 19.208127585324373, 18.92997891252691, 19.0241716558283, 18.889213106848977, 18.809413238005206, 18.48023492639715, 18.67842960357666, 18.564969886432994, 18.36964932355014, 18.67224645614624, 18.172729448838666, 18.197687257419933, 18.005649414929476, 18.47338442368941, 18.013545101339165, 18.21914122321389, 17.973665779287163, 17.979380044070158, 17.920274105938997, 17.868442708795722, 17.868399706753817, 17.9263597835194, 17.741163860667836, 17.605863202701915, 17.744787779721346, 17.960375113920733, 17.832177313891325, 17.882737094705757, 17.773012919859454, 17.673067352988504, 17.574699185111307, 17.54501299424605, 17.467717799273405, 17.588977120139383, 17.6060161373832, 17.47311158613725, 17.649213671684265, 17.62955565886064, 17.609410936182197, 17.504779295487836], "val_loss": [37.45415019989014, 36.395670572916664, 36.21698125203451, 36.11203988393148, 35.15115833282471, 36.09407329559326, 35.129098892211914, 36.29946804046631, 35.567667643229164, 36.8527250289917, 35.44135538736979, 35.370165506998696, 35.573740323384605, 35.5492836634318, 35.22923501332601, 35.12360668182373, 35.32785288492838, 35.23828379313151, 35.16990248362223, 35.17870966593424]}